<!DOCTYPE struts PUBLIC
"-//Apache Software Foundation//DTD Struts Configuration 2.0//EN"
"http://struts.apache.org/dtds/struts-2.0.dtd">
<struts>
	<package name="test" extends="struts-default">
		<interceptors>
			<interceptor name="myLogging" class="com.action.MyLoggingInterceptor">
			</interceptor>
			<interceptor-stack name="LoggingStack">
				<interceptor-ref name="myLogging" />
				<interceptor-ref name="defaultStack">
				<param name="exception.LogEnabled">true</param>
				<param name="exception.LogLevel">warm</param>
				</interceptor-ref>
			</interceptor-stack>
		</interceptors>
		<action name="TestLogger" class="com.action.TestLoggerAction">
			<interceptor-ref name="params"></interceptor-ref>
			<interceptor-ref name="timer"></interceptor-ref>
			<result name="success">/success.jsp</result>
		</action>
		<action name="Login" class="com.action.LoginAction">
			<interceptor-ref name="LoggingStack"></interceptor-ref>
			<result name="success">/welcome.jsp</result>
		</action>
		<action name="inputworkflow" class="com.action.WorkFlowAction">
			<interceptor-ref name="defaultStack">
				<param name="includeMethods">input</param>
			</interceptor-ref>
			<result name="success">/welcome.jsp</result>
			<result name="error">workflow.jsp</result>
			<result name="input">workflow.jsp</result>
		</action>
	</package>
</struts>