<?xml version="1.0" encoding="UTF-8"?>
<!DOCTYPE hibernate-configuration PUBLIC
		"-//Hibernate/Hibernate Configuration DTD 3.0//EN"
		"http://hibernate.sourceforge.net/hibernate-configuration-3.0.dtd">
<hibernate-configuration>
<session-factory>
<property name="hibernate.connection.driver_class">oracle.jdbc.driver.OracleDriver</property>
<property name="hibernate.connection.url">jdbc:oracle:thin:@localhost:1521:orcl</property>
<property name="hibernate.connection.username">scott</property>
<property name="hibernate.connection.password">tiger</property>
<property name="hibernate.dialect">org.hibernate.dialect.Oracle10gDialect</property>
<property name="hbm2ddl.auto">update</property>
<property name="show_sql">true</property>
<mapping resource="com/entity/MyEvent.hbm.xml" />
</session-factory>
</hibernate-configuration>
