<?xml version="1.0"?>
<!DOCTYPE hibernate-mapping 
PUBLIC "-//Hibernate/Hibernate Mapping DTD 3.0//EN"
"http://hibernate.sourceforge.net/hibernate-mapping-3.0.dtd">
<hibernate-mapping>
	<class name ="com.MyEvent" table="MYEVENT1">
		<id name = "event_id" type="int">
		<column name = "EVENT_ID" />
		<generator  class ="assigned" />
		</id>
		<property name = "event_name" type ="java.lang.String">
		<column name ="EVENT_NAME">
		</column>
		</property>
		
	</class>
</hibernate-mapping>