<?xml version="1.0"?>
<!DOCTYPE hibernate-mapping 
PUBLIC "-//Hibernate/Hibernate Mapping DTD 3.0//EN"
"http://hibernate.sourceforge.net/hibernate-mapping-3.0.dtd">
<hibernate-mapping package="com.set">
	<class name="com.entity.Employee" table="Employee_Query_Long">
		<id name="id" type="int">
			<column name="ID" />
			<generator class="increment" />
		</id>
		<property name="firstName" type="string">
			<column name="FIRSTNAME" />
		</property>
		<property name="lastName" type="string">
			<column name="LASTNAME" />
		</property>
		<property name="salary" type="int">
			<column name="SALARY1" />
		</property>
	</class>

</hibernate-mapping>