<?xml version="1.0"?>
<!DOCTYPE hibernate-mapping 
PUBLIC "-//Hibernate/Hibernate Mapping DTD 3.0//EN"
"http://hibernate.sourceforge.net/hibernate-mapping-3.0.dtd">
<hibernate-mapping package="com.mylist">
	<class name="Film" table="Film_details">
		<id name="id" type="int">
			<generator class="assigned" />
		</id>
		<property name="name" type="string" />
		<list name="songs" cascade="all" lazy="true">
			<key column="parent_id" />
			<index column="idx" />
			<one-to-many class="Songs" />
		</list>
	</class>


	<class name="Songs" table="songs">

		<id name="id" type="int">
			<generator class="assigned" />
		</id>
		<property name="name" type="string" />

	</class>

</hibernate-mapping>