<?xml version="1.0"?>
<!DOCTYPE hibernate-mapping 
PUBLIC "-//Hibernate/Hibernate Mapping DTD 3.0//EN"
"http://hibernate.sourceforge.net/hibernate-mapping-3.0.dtd">
<hibernate-mapping package="com.set">
	<class name="Stock" table="stock_set">
		<id name="stock_id" type="int">
			<generator class="assigned" />
		</id>
		<property name="stock_name" type="string" />
		<property name="stock_code" type="string" />
		<set name="stockDailyRecords" cascade="all" inverse="false">
			<key column="stock_id_for" />
			<one-to-many class="StockDailyRecord" />
		</set>
	</class>


	<class name="StockDailyRecord" table="stock_daily_set">

		<id name="daily_record_id" type="int">
			<generator class="assigned" />
		</id>
		<property name="price_open" type="int" />
		<property name="price_close" type="int" />
		<property name="myDate" type="java.util.Date" />
		
	</class>

</hibernate-mapping>