<?xml version="1.0"?>
<!DOCTYPE hibernate-mapping 
PUBLIC "-//Hibernate/Hibernate Mapping DTD 3.0//EN"
"http://hibernate.sourceforge.net/hibernate-mapping-3.0.dtd">
<hibernate-mapping>
	<class name="com.entity.Employee" table="Employee_component_mapping">
		<meta attribute="class-description"></meta>
		<id name="id" type="int" column="id">
			<generator class="increment" />
		</id>

		<one-to-one name="address" class="com.entity.Address" cascade="all"></one-to-one>

		<property name="firstName" column="first_name" type="string" />
		<property name="lastName" column="last_name" type="string" />
		<property name="salary" column="salary" type="int" />
	</class>
	
	
	<class name="com.entity.Address" table="Address_comp">

		<id name="id" type="int">
			<generator class="native" />
		</id>
		<property name="street" column="street_name" type="string" />
		<property name="city" column="city_name" type="string" />
		<property name="state" column="state_name" type="string" />
		<property name="zipcode" column="zipcode" type="string" />
	</class>

</hibernate-mapping>