<?xml version="1.0"?>
<!DOCTYPE hibernate-mapping 
PUBLIC "-//Hibernate/Hibernate Mapping DTD 3.0//EN"
"http://hibernate.sourceforge.net/hibernate-mapping-3.0.dtd">
<hibernate-mapping>
	<class name="com.entity.Person" table="PERSON" discriminator-value="p">
		<id name="personId" column="PERSON_ID">
		<generator class="sequence" />
		</id>
		<discriminator column="DISCRIMINATOR" type="string" />
		<property name="firstname" />
		<property name="lastname" column="lastname " />

		<subclass name="com.entity.Employee" extends="Person" discriminator-value="E">
			<property name="departmentName" column="department_name" />
			<property name="joiningDate" type="date" column="joining_date" />

		</subclass>
	</class>
</hibernate-mapping>